"Enfermedad","Año","Comunidad","Casos","Tasa notificacion","Hombres","Mujeres","Rango edad","Casos edad"
"Dengue",2022,"Andalucia",36,0.423,"","","",""
"Dengue",2023,"Andalucia",47,0.548,"","","",""
"Dengue",2024,"Andalucia",87,1.008,"","","",""
"Dengue",2022,"Aragon",7,0.527,"","","",""
"Dengue",2023,"Aragon",6,0.447,"","","",""
"Dengue",2024,"Aragon",22,1.628,"","","",""
"Dengue",2022,"Asturias",1,0.1,"","","",""
"Dengue",2023,"Asturias",12,1.193,"","","",""
"Dengue",2024,"Asturias",7,0.693,"","","",""
"Dengue",2022,"Baleares",9,0.758,"","","",""
"Dengue",2023,"Baleares",9,0.744,"","","",""
"Dengue",2024,"Baleares",38,3.085,"","","",""
"Dengue",2022,"Canarias",32,1.464,"","","",""
"Dengue",2023,"Canarias",29,1.31,"","","",""
"Dengue",2024,"Canarias",42,1.876,"","","",""
"Dengue",2022,"Cantabria",6,1.025,"","","",""
"Dengue",2023,"Cantabria",5,0.85,"","","",""
"Dengue",2024,"Cantabria",11,1.862,"","","",""
"Dengue",2022,"Castilla y Leon",15,0.631,"","","",""
"Dengue",2023,"Castilla y Leon",13,0.545,"","","",""
"Dengue",2024,"Castilla y Leon",22,0.92,"","","",""
"Dengue",2022,"Castilla-La Mancha",2,0.097,"","","",""
"Dengue",2023,"Castilla-La Mancha",6,0.288,"","","",""
"Dengue",2024,"Castilla-La Mancha",20,0.95,"","","",""
"Dengue",2022,"Cataluña",178,2.293,"","","",""
"Dengue",2023,"Cataluña",234,2.961,"","","",""
"Dengue",2024,"Cataluña",387,4.83,"","","",""
"Dengue",2022,"C. Valenciana",39,0.763,"","","",""
"Dengue",2023,"C. Valenciana",54,1.035,"","","",""
"Dengue",2024,"C. Valenciana",89,1.673,"","","",""
"Dengue",2022,"Extremadura",4,0.378,"","","",""
"Dengue",2023,"Extremadura",5,0.474,"","","",""
"Dengue",2024,"Extremadura",6,0.569,"","","",""
"Dengue",2022,"Galicia",4,0.149,"","","",""
"Dengue",2023,"Galicia",7,0.259,"","","",""
"Dengue",2024,"Galicia",30,1.109,"","","",""
"Dengue",2022,"Madrid",103,1.527,"","","",""
"Dengue",2023,"Madrid",127,1.848,"","","",""
"Dengue",2024,"Madrid",235,3.353,"","","",""
"Dengue",2022,"Murcia",8,0.523,"","","",""
"Dengue",2023,"Murcia",8,0.516,"","","",""
"Dengue",2024,"Murcia",18,1.148,"","","",""
"Dengue",2022,"Navarra",14,2.107,"","","",""
"Dengue",2023,"Navarra",13,1.934,"","","",""
"Dengue",2024,"Navarra",30,4.423,"","","",""
"Dengue",2022,"País Vasco",41,1.859,"","","",""
"Dengue",2023,"País Vasco",40,1.805,"","","",""
"Dengue",2024,"País Vasco",67,3.008,"","","",""
"Dengue",2022,"La Rioja",4,1.251,"","","",""
"Dengue",2023,"La Rioja",1,0.31,"","","",""
"Dengue",2024,"La Rioja",7,2.159,"","","",""
"Dengue",2022,"Ceuta",0,0,"","","",""
"Dengue",2023,"Ceuta",0,0,"","","",""
"Dengue",2024,"Ceuta",0,0,"","","",""
"Dengue",2022,"Melilla",0,0,"","","",""
"Dengue",2023,"Melilla",0,0,"","","",""
"Dengue",2024,"Melilla",1,1.163,"","","",""
"Dengue",2024,"España",1119,2.302,"521","591","Total","1112"
"Dengue",2024,"España",1119,2.302,"43","34","0-15","77"
"Dengue",2024,"España",1119,2.302,"44","42","15-25","86"
"Dengue",2024,"España",1119,2.302,"144","168","25-35","312"
"Dengue",2024,"España",1119,2.302,"106","148","35-45","254"
"Dengue",2024,"España",1119,2.302,"89","111","45-55","200"
"Dengue",2024,"España",1119,2.302,"61","64","55-65","125"
"Dengue",2024,"España",1119,2.302,"34","24",">=65","58"
"Dengue",2023,"España",616,1.281,"351","264","Total","616"
"Dengue",2023,"España",616,1.281,"29","22","0-15","51"
"Dengue",2023,"España",616,1.281,"29","29","15-25","58"
"Dengue",2023,"España",616,1.281,"83","107","25-35","190"
"Dengue",2023,"España",616,1.281,"62","86","35-45","148"
"Dengue",2023,"España",616,1.281,"50","37","45-55","87"
"Dengue",2023,"España",616,1.281,"25","23","55-65","48"
"Dengue",2023,"España",616,1.281,"13","17",">=65","30"
"Dengue",2022,"España",503,1.059,"233","265","Total","503"
"Dengue",2022,"España",503,1.059,"14","12","0-15","26"
"Dengue",2022,"España",503,1.059,"25","25","15-25","50"
"Dengue",2022,"España",503,1.059,"69","101","25-35","170"
"Dengue",2022,"España",503,1.059,"43","50","35-45","93"
"Dengue",2022,"España",503,1.059,"46","46","45-55","92"
"Dengue",2022,"España",503,1.059,"26","23","55-65","49"
"Dengue",2022,"España",503,1.059,"10","8",">=65","18"
"Tuberculosis",2024,"Andalucia",550,6.372,"","","",""
"Tuberculosis",2024,"Aragon",138,10.21,"","","",""
"Tuberculosis",2024,"Asturias",74,7.33,"","","",""
"Tuberculosis",2024,"Baleares",93,7.55,"","","",""
"Tuberculosis",2024,"Canarias",138,6.164,"","","",""
"Tuberculosis",2024,"Cantabria",34,5.754,"","","",""
"Tuberculosis",2024,"Castilla y Leon",111,4.641,"","","",""
"Tuberculosis",2024,"Castilla-La Mancha",171,8.126,"","","",""
"Tuberculosis",2024,"Cataluña",1153,14.39,"","","",""
"Tuberculosis",2024,"C. Valenciana",345,6.486,"","","",""
"Tuberculosis",2024,"Extremadura",89,8.439,"","","",""
"Tuberculosis",2024,"Galicia",310,11.457,"","","",""
"Tuberculosis",2024,"Madrid",634,9.045,"","","",""
"Tuberculosis",2024,"Murcia",117,7.459,"","","",""
"Tuberculosis",2024,"Navarra",26,3.833,"","","",""
"Tuberculosis",2024,"País Vasco",237,10.639,"","","",""
"Tuberculosis",2024,"La Rioja",31,9.562,"","","",""
"Tuberculosis",2024,"Ceuta",22,26.449,"","","",""
"Tuberculosis",2024,"Melilla",7,8.141,"","","",""
"Tuberculosis",2024,"España",4280,8.803,"2750","1520","Total","4280"
"Tuberculosis",2024,"España",4280,8.803,"141","118","0-15","256"
"Tuberculosis",2024,"España",4280,8.803,"263","154","15-25","417"
"Tuberculosis",2024,"España",4280,8.803,"421","233","25-35","654"
"Tuberculosis",2024,"España",4280,8.803,"430","276","35-45","706"
"Tuberculosis",2024,"España",4280,8.803,"433","240","45-55","673"
"Tuberculosis",2024,"España",4280,8.803,"440","160","55-65","600"
"Tuberculosis",2024,"España",4280,8.803,"590","309",">=65","899"
"Tuberculosis",2023,"Andalucia",548,6.384,"","","",""
"Tuberculosis",2023,"Aragon",96,7.157,"","","",""
"Tuberculosis",2023,"Asturias",75,7.455,"","","",""
"Tuberculosis",2023,"Baleares",86,7.108,"","","",""
"Tuberculosis",2023,"Canarias",117,5.287,"","","",""
"Tuberculosis",2023,"Cantabria",44,7.478,"","","",""
"Tuberculosis",2023,"Castilla y Leon",171,7.174,"","","",""
"Tuberculosis",2023,"Castilla-La Mancha",141,6.766,"","","",""
"Tuberculosis",2023,"Cataluña",973,12.313,"","","",""
"Tuberculosis",2023,"C. Valenciana",309,5.924,"","","",""
"Tuberculosis",2023,"Extremadura",57,5.406,"","","",""
"Tuberculosis",2023,"Galicia",302,11.188,"","","",""
"Tuberculosis",2023,"Madrid",580,8.44,"","","",""
"Tuberculosis",2023,"Murcia",96,6.187,"","","",""
"Tuberculosis",2023,"Navarra",34,5.058,"","","",""
"Tuberculosis",2023,"País Vasco",242,10.919,"","","",""
"Tuberculosis",2023,"La Rioja",22,6.826,"","","",""
"Tuberculosis",2023,"Ceuta",23,27.693,"","","",""
"Tuberculosis",2023,"Melilla",12,14.036,"","","",""
"Tuberculosis",2023,"España",3929,8.171,"2575","1369","Total","3929"
"Tuberculosis",2023,"España",3929,8.171,"","","0-15","210"
"Tuberculosis",2023,"España",3929,8.171,"","","15-25","377"
"Tuberculosis",2023,"España",3929,8.171,"","","25-35","573"
"Tuberculosis",2023,"España",3929,8.171,"","","35-45","637"
"Tuberculosis",2023,"España",3929,8.171,"","","45-55","697"
"Tuberculosis",2023,"España",3929,8.171,"","","55-65","549"
"Tuberculosis",2023,"España",3929,8.171,"","",">=65","901"
"Tuberculosis",2022,"Andalucia",479,5.628,"","","",""
"Tuberculosis",2022,"Aragon",91,6.851,"","","",""
"Tuberculosis",2022,"Asturias",56,5.572,"","","",""
"Tuberculosis",2022,"Baleares",68,5.729,"","","",""
"Tuberculosis",2022,"Canarias",121,5.536,"","","",""
"Tuberculosis",2022,"Cantabria",37,6.32,"","","",""
"Tuberculosis",2022,"Castilla y Leon",151,6.356,"","","",""
"Tuberculosis",2022,"Castilla-La Mancha",106,5.15,"","","",""
"Tuberculosis",2022,"Cataluña",983,12.665,"","","",""
"Tuberculosis",2022,"C. Valenciana",292,5.716,"","","",""
"Tuberculosis",2022,"Extremadura",28,2.649,"","","",""
"Tuberculosis",2022,"Galicia",314,11.661,"","","",""
"Tuberculosis",2022,"Madrid",502,7.444,"","","",""
"Tuberculosis",2022,"Murcia",126,8.237,"","","",""
"Tuberculosis",2022,"Navarra",40,6.019,"","","",""
"Tuberculosis",2022,"País Vasco",232,10.518,"","","",""
"Tuberculosis",2022,"La Rioja",19,5.945,"","","",""
"Tuberculosis",2022,"Ceuta",24,28.898,"","","",""
"Tuberculosis",2022,"Melilla",6,7.064,"","","",""
"Tuberculosis",2022,"España",3675,7.739,"2434","1282","Total","3675"
"Tuberculosis",2022,"España",3675,7.739,"2434","1282","0-15","205"
"Tuberculosis",2022,"España",3675,7.739,"2434","1282","15-25","349"
"Tuberculosis",2022,"España",3675,7.739,"2434","1282","25-35","561"
"Tuberculosis",2022,"España",3675,7.739,"2434","1282","35-45","606"
"Tuberculosis",2022,"España",3675,7.739,"2434","1282","45-55","639"
"Tuberculosis",2022,"España",3675,7.739,"2434","1282","55-65","509"
"Tuberculosis",2022,"España",3675,7.739,"2434","1282",">=65","847"
"Fiebre del nilo",2024,"Andalucia",118,1.367,"","","",""
"Fiebre del nilo",2024,"Extremadura",39,3.698,"","","",""
"Fiebre del nilo",2024,"Castilla-La Mancha",1,0.048,"","","",""
"Fiebre del nilo",2024,"España",158,0.325,"95","64","",""
"Fiebre del nilo",2022,"Andalucia",2,0.023,"","","",""
"Fiebre del nilo",2022,"Cataluña",2,0.026,"","","",""
"Fiebre del nilo",2022,"España",4,0.008,"4","6","",""
"Fiebre del nilo",2023,"Extremadura",15,1.423,"","","",""
"Fiebre del nilo",2023,"Andalucia",2,0.023,"","","",""
"Fiebre del nilo",2023,"Cataluña",1,0.013,"","","",""
"Fiebre del nilo",2023,"C. Valenciana",1,0.019,"","","",""
"Fiebre del nilo",2023,"Castilla-La Mancha",1,0.048,"","","",""
"Fiebre del nilo",2023,"España",20,0.042,"12","8","",""
" Fiebre hemorragica Crimea-Congo",2022,"Castilla y Leon",2,0.084,"","","",""
" Fiebre hemorragica Crimea-Congo",2022,"España",2,0.004,"","","",""
" Fiebre hemorragica Crimea-Congo",2023,"Castilla y Leon",1,0.042,"","","",""
" Fiebre hemorragica Crimea-Congo",2023,"España",1,0.002,"","","",""
" Fiebre hemorragica Crimea-Congo",2024,"Castilla y Leon",1,0.042,"","","",""
" Fiebre hemorragica Crimea-Congo",2024,"Castilla-La Mancha",1,0.048,"","","",""
" Fiebre hemorragica Crimea-Congo",2024,"Andalucia",1,0.012,"","","",""
" Fiebre hemorragica Crimea-Congo",2024,"España",4,0.008,"","","",""
"chikungunya",2022,"Andalucia",1,0.012,"","","",""
"chikungunya",2023,"Andalucia",32,0.373,"","","",""
"chikungunya",2024,"Andalucia",9,0.104,"","","",""
"chikungunya",2022,"Aragon",0,0,"","","",""
"chikungunya",2023,"Aragon",1,0.075,"","","",""
"chikungunya",2024,"Aragon",0,0,"","","",""
"chikungunya",2022,"Asturias",0,0,"","","",""
"chikungunya",2023,"Asturias",5,0.497,"","","",""
"chikungunya",2024,"Asturias",0,0,"","","",""
"chikungunya",2022,"Baleares",2,0.168,"","","",""
"chikungunya",2023,"Baleares",2,0.165,"","","",""
"chikungunya",2024,"Baleares",0,0,"","","",""
"chikungunya",2022,"Canarias",0,0,"","","",""
"chikungunya",2023,"Canarias",3,0.136,"","","",""
"chikungunya",2024,"Canarias",1,0.045,"","","",""
"chikungunya",2022,"Cantabria",0,0,"","","",""
"chikungunya",2023,"Cantabria",2,0.34,"","","",""
"chikungunya",2024,"Cantabria",0,0,"","","",""
"chikungunya",2022,"Castilla y Leon",0,0,"","","",""
"chikungunya",2023,"Castilla y Leon",3,0.126,"","","",""
"chikungunya",2024,"Castilla y Leon",0,0,"","","",""
"chikungunya",2022,"Castilla-La Mancha",0,0,"","","",""
"chikungunya",2023,"Castilla-La Mancha",1,0.048,"","","",""
"chikungunya",2024,"Castilla-La Mancha",0,0,"","","",""
"chikungunya",2022,"Cataluña",2,0.026,"","","",""
"chikungunya",2023,"Cataluña",48,0.607,"","","",""
"chikungunya",2024,"Cataluña",20,0.25,"","","",""
"chikungunya",2022,"C. Valenciana",2,0.039,"","","",""
"chikungunya",2023,"C. Valenciana",24,0.46,"","","",""
"chikungunya",2024,"C. Valenciana",7,0.132,"","","",""
"chikungunya",2022,"Extremadura",0,0,"","","",""
"chikungunya",2023,"Extremadura",0,0,"","","",""
"chikungunya",2024,"Extremadura",1,0.095,"","","",""
"chikungunya",2022,"Galicia",0,0,"","","",""
"chikungunya",2023,"Galicia",3,0.111,"","","",""
"chikungunya",2024,"Galicia",1,0.037,"","","",""
"chikungunya",2022,"Madrid",2,0.03,"","","",""
"chikungunya",2023,"Madrid",52,0.757,"","","",""
"chikungunya",2024,"Madrid",9,0.128,"","","",""
"chikungunya",2022,"Murcia",0,0,"","","",""
"chikungunya",2023,"Murcia",2,0.129,"","","",""
"chikungunya",2024,"Murcia",0,0,"","","",""
"chikungunya",2022,"Navarra",0,0,"","","",""
"chikungunya",2023,"Navarra",1,0.149,"","","",""
"chikungunya",2024,"Navarra",1,0.147,"","","",""
"chikungunya",2022,"País Vasco",1,0.045,"","","",""
"chikungunya",2023,"País Vasco",12,0.541,"","","",""
"chikungunya",2024,"País Vasco",3,0.135,"","","",""
"chikungunya",2022,"La Rioja",0,0,"","","",""
"chikungunya",2023,"La Rioja",0,0,"","","",""
"chikungunya",2024,"La Rioja",2,0.617,"","","",""
"chikungunya",2022,"Ceuta",0,0,"","","",""
"chikungunya",2023,"Ceuta",0,0,"","","",""
"chikungunya",2024,"Ceuta",0,0,"","","",""
"chikungunya",2022,"Melilla",0,0,"","","",""
"chikungunya",2023,"Melilla",0,0,"","","",""
"chikungunya",2024,"Melilla",0,0,"","","",""
"chikungunya",2022,"España",10,0.021,"4","6","",""
"chikungunya",2024,"España",54,0.111,"33","21","Total","54"
"chikungunya",2024,"España",54,0.111,"2","1","0-15","3"
"chikungunya",2024,"España",54,0.111,"2","","15-25","4"
"chikungunya",2024,"España",54,0.111,"8","6","25-35","14"
"chikungunya",2024,"España",54,0.111,"8","6","35-45","14"
"chikungunya",2024,"España",54,0.111,"7","3","45-55","10"
"chikungunya",2024,"España",54,0.111,"3","0","55-65","3"
"chikungunya",2024,"España",54,0.111,"3","2",">=65","5"
"chikungunya",2023,"España",191,0.397,"49","142","Total","191"
"chikungunya",2023,"España",191,0.397,"2","2","0-15","4"
"chikungunya",2023,"España",191,0.397,"2","7","15-25","9"
"chikungunya",2023,"España",191,0.397,"6","27","25-35","33"
"chikungunya",2023,"España",191,0.397,"9","48","35-45","57"
"chikungunya",2023,"España",191,0.397,"14","39","45-55","53"
"chikungunya",2023,"España",191,0.397,"13","12","55-65","25"
"chikungunya",2023,"España",191,0.397,"3","6",">=65","9"
